Country,Tariff Rate (%)
Denmark,2.333333254
France,2.333333254
Germany,2.333333254
Italy,2.333333254
Japan,2.333333254
Netherlands,2.333333254
Poland,2.333333254
Spain,2.333333254
United Kingdom,0